{
    "professors": [
      {
        "first_name": "Cindy",
        "last_name": "Gill",
        "area_of_study_1": "Physiology",
        "area_of_study_1_alternative": ["Physiology","Cytology","Comparative Physiology","Human Physiology"],
        "area_of_study_2": "Biology",
        "area_of_study_2_alternative": ["Biology","Herpetology","Epidemiology","Endocrinology", "Neuroendocrinology", "Conservation Biology", "Ethology", "Behavioral Biology"],
        "area_of_study_3": "Cognitive Science",
        "area_of_study_3_alternative": ["Cognitive Science","Neuroscience"],
        "email_id": "cjgNS@hampshire.edu",
        "image": "https://www.hampshire.edu/sites/default/files/styles/medium_square_hq/public/faculty/files/Grid_gill.jpg.webp?itok=87jCqcbx",
        "read_more": "https://www.hampshire.edu/academics/faculty/cynthia-gill",
        "present": 1, 
        "score": 0
      },
      {
        "first_name": "John",
        "last_name": "Castorino",
        "area_of_study_1": "Biology",
        "area_of_study_1_alternative": ["Biology","Cell and developmental biology","Cell biology", "Biotechnology","Molecular biology"],
        "area_of_study_2": "Science",
        "area_of_study_2_alternative": ["Math","Physics","Technology","Chemistry"],
        "area_of_study_3": "Neuroscience",
        "area_of_study_3_alternative": ["Brain Sciences","Biological Animation","Bio Animation"],
        "email_id": "jcNS@university.edu",
        "image": "https://www.hampshire.edu/sites/default/files/styles/medium_square_hq/public/faculty/files/john-castorino.jpg.webp?itok=G_y9x1oI",
        "read_more": "https://www.hampshire.edu/academics/faculty/john-castorino",
        "present": 1,
        "score": 0
      },    
      {
        "first_name": "Faune",
        "last_name": "Albert",
        "area_of_study_1": "English Literature",
        "area_of_study_1_alternative": ["English","Literature"],
        "area_of_study_2": "Writing",
        "area_of_study_2_alternative": ["Experimental Writing","Poetry","Creative Writing","Psychoanalytic Writing"],
        "area_of_study_3": "Gender studies",
        "area_of_study_3_alternative": ["Queer Theory","Women,Gender,and Sexuality Studies","Sexuality studies"],
        "email_id": "falbert@hampshire.edu",
        "image": "https://www.hampshire.edu/sites/default/files/styles/medium_square_hq/public/staff_photos/Faune-Albert-grid.png.webp?itok=x7rmiVY9",
        "read-more": "https://www.hampshire.edu/staff/faune-albert-02f",
        "present": 1,
        "score": 0
      },
      {
        "first_name": "Nathalie",
        "last_name": "Arnold",
        "area_of_study_1": "Anthropology",
        "area_of_study_1_alternative": ["Socio-cultural anthropology","Cultural Anthropology","Culture Studies","Ethnography","Islamic Anthropology"],
        "area_of_study_2": "Politics",
        "area_of_study_2_alternative": ["African Politics","African Studies","Islam and Politics"],
        "area_of_study_3": "Creative Writing",
        "area_of_study_3_alternative": ["Writing","African Literature","Women's Experimental Fiction"],
        "email_id": "naIA@hampshire.edu",
        "image": "https://www.hampshire.edu/sites/default/files/styles/medium_square_hq/public/faculty_thumbnails/Grid_n.arnold.jpg.webp?itok=M29ZETzn",
        "read-more": "https://www.hampshire.edu/academics/faculty/nathalie-arnold",
        "present": 1,
        "score": 0
      },
      {
        "first_name": "Felicity",
        "last_name": "Aulino",
        "area_of_study_1": "Anthropology",
        "area_of_study_1_alternative": ["Psychological anthropology","Medical Anthropology","Social change","Ethnography","Buddhism"],
        "area_of_study_2": "Public Health",
        "area_of_study_2_alternative": ["Global Health","Care and caregiver subjectivity"],
        "area_of_study_3": "Film",
        "area_of_study_3_alternative": ["Ethnographic Film making","Cultural Film-making"],
        "email_id": "felicity@anthro.umass.edu",
        "image": "https://www.umass.edu/anthro/sites/default/files/styles/medium/public/Aulino%20headshot.png?itok=5z9gG_Xr",
        "read-more": "https://www.umass.edu/anthro/felicity-aulino",
        "present": 1,
        "score": 0
      },
      {
        "first_name": "Jennifer",
        "last_name": "Bajorek",
        "area_of_study_1": "Comparative Literature",
        "area_of_study_1_alternative": ["French","African Comparative Literature","Literature","Poetry", "Non-fiction writing", "Fiction writing","experimental writing"],
        "area_of_study_2": "Visual Studies",
        "area_of_study_2_alternative": ["Photography","Third-world Photography","Visual studies","film","Contemporary art","art","history of photography"],
        "area_of_study_3": "Cultural studies",
        "area_of_study_3_alternative": ["Marxism","Marxist Theory","Postcolonial theory","African studies","Black studies","museum studies"],
        "email_id": "jebHA@hampshire.edu",
        "image": "https://www.hampshire.edu/sites/default/files/styles/medium_square_hq/public/faculty_thumbnails/Grid_Bajorek.jpg.webp?itok=DSMK6iVD",
        "read-more": "https://www.hampshire.edu/academics/faculty/jennifer-bajorek",
        "present": 1,
        "score": 0
      },
      {
        "first_name": "Kaca",
        "last_name": "Brandonjic",
        "area_of_study_1": "Physics",
        "area_of_study_1_alternative": ["Math","Thermal Physics","Space and time","Quantum Mechanics"],
        "area_of_study_2": "Philosophy",
        "area_of_study_2_alternative": ["Scientific Philosophy","History of science"],
        "area_of_study_3": "Art",
        "area_of_study_3_alternative": ["Scientific Writing","Physics of color"],
        "email_id": "kbNS@hampshire.edu",
        "image": "https://www.hampshire.edu/sites/default/files/styles/medium_square_hq/public/faculty/files/Bradonjic-Faculty-Profile%20-%201.jpg.webp?itok=iSbLVlHw",
        "read-more": "https://www.hampshire.edu/academics/faculty/kaca-bradonjic",
        "present": 1,
        "score": 0
      },
      {
        "first_name": "Melissa",
        "last_name": "Burch",
        "area_of_study_1": "Cognitive Development",
        "area_of_study_1_alternative": ["Cognitive science","Interpersonal relationships"],
        "area_of_study_2": "Child development",
        "area_of_study_2_alternative": ["Childhood studies"],
        "area_of_study_3": "Psychology",
        "area_of_study_3_alternative": ["Social psychology"],
        "email_id": "mmbCS@hampshire.edu",
        "image": "",
        "read-more": "https://www.hampshire.edu/academics/faculty/melissa-burch",
        "present": 1,
        "score": 0
      },
      {
        "first_name": "Robert",
        "last_name": "Caldwell,Jr.",
        "area_of_study_1": "Native American and indigenous studies",
        "area_of_study_1_alternative": ["Indigenous studies","American studies","Settler Colonialism","Ethnography","Anthropology","labor studies"],
        "area_of_study_2": "History",
        "area_of_study_2_alternative": ["Historical geography","Migration history","Colonial history","Transatlantic history","Cartography","history of cartography","history of foodways","heritage studies"],
        "area_of_study_3": "Geography",
        "area_of_study_3_alternative": ["Ethnohistory"],
        "email_id": "rbcCSI@hampshire.edu",
        "image": "https://www.umass.edu/anthro/sites/default/files/styles/medium/public/Aulino%20headshot.png?itok=5z9gG_Xr",
        "read-more": "https://www.hampshire.edu/academics/faculty/robert-caldwell-jr",
        "present": 1,
        "score": 0
      },
      {
        "first_name": "Roosbelinda",
        "last_name": "Cardenas",
        "area_of_study_1": "Anthropology",
        "area_of_study_1_alternative": ["Cultural Anthropology","Interpersonal relationships"],
        "area_of_study_2": "Latin American studies",
        "area_of_study_2_alternative": ["Sociology"],
        "area_of_study_3": "Psychology",
        "area_of_study_3_alternative": ["Social psychology"],
        "email_id": "rcCS@hampshire.edu",
        "image": "https://www.hampshire.edu/sites/default/files/styles/medium_square_hq/public/2023-02/roos%20thumb_1.6.1.jpg.webp?h=c7b3bee7&itok=aQyMeIHj",
        "read-more": "https://www.hampshire.edu/academics/faculty/roosbelinda-cardenas",
        "present": 1,
        "score": 0
      },
      {
        "first_name": "Margaret",
        "last_name": "Cerullo",
        "area_of_study_1": "Sociology",
        "area_of_study_1_alternative": ["Social theory","Feminist theory","Queer theory","Sociology of culture","Social movements"],
        "area_of_study_2": "Politics",
        "area_of_study_2_alternative": ["Migration","Global Migration","Immigration","Latin American politics"],
        "area_of_study_3": "Philospohy",
        "area_of_study_3_alternative": [""],
        "email_id": "mcSS@hampshire.edu",
        "image": "https://www.hampshire.edu/sites/default/files/styles/medium_square_hq/public/faculty_thumbnails/Grid_cerullo.jpg.webp?itok=gxINVWu0",
        "read-more": "https://www.hampshire.edu/academics/faculty/margaret-cerullo",
        "present": 1,
        "score": 0
      },
      {
        "first_name": "Donna",
        "last_name": "Cohn",
        "area_of_study_1": "Applied design",
        "area_of_study_1_alternative": ["Industrial design","Disability design","Assistive technology"],
        "area_of_study_2": "Ecology",
        "area_of_study_2_alternative": ["Sustainable ecology","Sustainability","Sustainable technology"],
        "area_of_study_3": "Computer aid design",
        "area_of_study_3_alternative": ["Game design"],
        "email_id": "dcLM@hampshire.edu",
        "image": "https://www.hampshire.edu/sites/default/files/styles/medium_square_hq/public/faculty/files/Grid_cohn_0.jpg.webp?itok=E_XERyPv",
        "read-more": "https://www.hampshire.edu/academics/faculty/donna-cohn",
        "present": 1,
        "score": 0
      },
      {
        "first_name": "Elizabeth",
        "last_name": "Conlisk",
        "area_of_study_1": "Public health",
        "area_of_study_1_alternative": ["Epidemiology","Feminist theory","Queer theory","Sociology of culture","Social movements"],
        "area_of_study_2": "Nutrition",
        "area_of_study_2_alternative": ["Agriculture","Food","Health"],
        "area_of_study_3": "Statistics",
        "area_of_study_3_alternative": ["Quantitive analysis"],
        "email_id": "mcSS@hampshire.edu",
        "image": "https://www.hampshire.edu/sites/default/files/styles/medium_square_hq/public/faculty_thumbnails/Grid_cerullo.jpg.webp?itok=gxINVWu0",
        "read-more": "https://www.hampshire.edu/academics/faculty/margaret-cerullo",
        "present": 1,
        "score": 0
      },
      {
        "first_name": "Christina",
        "last_name": "Cianfrani",
        "area_of_study_1": "Environmental engineering",
        "area_of_study_1_alternative": ["Environmental systems","Hydrology","Watershed Hydrology"],
        "area_of_study_2": "Ecology",
        "area_of_study_2_alternative": ["Sustainable ecology","Sustainable water resources","Sustainable technology","Stream ecology","Geomorphology","Ecological engineering"],
        "area_of_study_3": "Environmental studies",
        "area_of_study_3_alternative": ["climate change"],
        "email_id": "ccNS@hampshire.edu",
        "image": "https://www.hampshire.edu/sites/default/files/styles/medium_square_hq/public/faculty_thumbnails/Grid_cianfrani.jpg.webp?itok=xNKI-DXv",
        "read-more": "https://www.hampshire.edu/academics/faculty/donna-cohn",
        "present": 1,
        "score": 0
      },
      {
        "first_name": "Omar",
        "last_name": "Dahi",
        "area_of_study_1": "Economics",
        "area_of_study_1_alternative": ["Applied Economics","Development economics"],
        "area_of_study_2": "Political economy",
        "area_of_study_2_alternative": ["Global security","Social economy"],
        "area_of_study_3": "International relations",
        "area_of_study_3_alternative": [""],
        "email_id": "odSS@hampshire.edu",
        "image": "https://www.hampshire.edu/sites/default/files/styles/medium_square_hq/public/faculty_thumbnails/Grid_dahi.jpg.webp?itok=x8eKiJ5k",
        "read_more": "https://www.hampshire.edu/academics/faculty/omar-s-dahi",
        "present": 1,
        "score": 0
      },    
      {
        "first_name": "Alejandro",
        "last_name": "Cuellar",
        "area_of_study_1": "Writing",
        "area_of_study_1_alternative": ["Creative writing"],
        "area_of_study_2": "Fiction writing",
        "area_of_study_2_alternative": [""],
        "area_of_study_3": "Poetry",
        "area_of_study_3_alternative": [""],
        "email_id": "aecHA@hampshire.edu",
        "image": "https://www.hampshire.edu/sites/default/files/styles/medium_square_hq/public/faculty/files/AlejandroCuellerFacBio.jpg.webp?itok=5o1jiiTI",
        "read_more": "https://www.hampshire.edu/academics/faculty/alejandro-cuellar",
        "present": 1,
        "score": 0
      },    
      {
        "first_name": "Jonathan",
        "last_name": "Louis Dent",
        "area_of_study_1": "Theatre",
        "area_of_study_1_alternative": ["Devised theater"],
        "area_of_study_2": "Play writing",
        "area_of_study_2_alternative": ["Directing studio"],
        "area_of_study_3": "Acting",
        "area_of_study_3_alternative": [""],
        "email_id": "jldlA@hampshire.edu",
        "image": "https://www.hampshire.edu/sites/default/files/styles/medium_square_hq/public/2022-08/Jonathan%20Dent.jpeg.webp?h=b91addae&itok=MDDJ3cFW",
        "read_more": "https://www.hampshire.edu/academics/faculty/jonathan-dent",
        "present": 1,
        "score": 0
      },    
      {
        "first_name": "Stephen",
        "last_name": "Dillon",
        "area_of_study_1": "Queer studies",
        "area_of_study_1_alternative": ["transgender studies","Femnisim","sexuality studies"],
        "area_of_study_2": "Critical social inquiry",
        "area_of_study_2_alternative": ["Race studies","critical theory","Gender politics","Sexual politics"],
        "area_of_study_3": "American studies",
        "area_of_study_3_alternative": ["Incarceration","Racial capitalism"],
        "email_id": "spdCSI@hampshire.edu",
        "image": "https://www.hampshire.edu/sites/default/files/styles/medium_square_hq/public/faculty/files/steve-dillon-grid.jpg.webp?itok=eZNv4z04",
        "read_more": "https://www.hampshire.edu/academics/faculty/stephen-dillon",
        "present": 1,
        "score": 0
      },    
      {
        "first_name": "Alan",
        "last_name": "Goodman",
        "area_of_study_1": "Biological anthropology",
        "area_of_study_1_alternative": [""],
        "area_of_study_2": "Stress physiology",
        "area_of_study_2_alternative": [""],
        "area_of_study_3": "Health inequality",
        "area_of_study_3_alternative": ["Nutrition","Poverty"],
        "email_id": "jldlA@hampshire.edu",
        "image": "https://www.hampshire.edu/sites/default/files/styles/medium_square_hq/public/faculty/files/Grid_a.goodman.jpg.webp?itok=wjvoqRCh",
        "read_more": "https://www.hampshire.edu/academics/faculty/alan-goodman",
        "present": 1,
        "score": 0
      },    
      {
        "first_name": "Malgorzata (Margaret)",
        "last_name": "Grebowicz",
        "area_of_study_1": "Political theory",
        "area_of_study_1_alternative": ["Border studies"],
        "area_of_study_2": "Philosophy",
        "area_of_study_2_alternative": ["Continental Philosophy"],
        "area_of_study_3": "Wilderness Conservation",
        "area_of_study_3_alternative": ["Animal conservation","Ecofeminism"],
        "email_id": "megCSI@hampshire.edu",
        "image": "https://www.hampshire.edu/sites/default/files/styles/medium_square_hq/public/2022-09/Margret%20Grebowicz_0.jpg.webp?h=0a4b96da&itok=bDxiee1c",
        "read_more": "https://www.hampshire.edu/academics/faculty/malgorzata-margret-grebowicz",
        "present": 1,
        "score": 0
      },
      {
        "first_name": "Viveca",
        "last_name": "Greene",
        "area_of_study_1": "Media studies",
        "area_of_study_1_alternative": [""],
        "area_of_study_2": "Communication",
        "area_of_study_2_alternative": [""],
        "area_of_study_3": "Satire",
        "area_of_study_3_alternative": ["stand up comedy"],
        "email_id": "vsgIA@hampshire.edu",
        "image": "https://www.hampshire.edu/sites/default/files/styles/medium_square_hq/public/faculty_thumbnails/Viveca_Greene_grid.jpg.webp?itok=DH3T5pCl",
        "read_more": "https://www.hampshire.edu/academics/faculty/viveca-greene",
        "present": 1,
        "score": 0
      },    
      {
        "first_name": "Jennifer",
        "last_name": "Gutterman",
        "area_of_study_1": "Game design",
        "area_of_study_1_alternative": ["Game development"],
        "area_of_study_2": "Animation",
        "area_of_study_2_alternative": ["3D Animation","3D Modelling"],
        "area_of_study_3": "Computer graphics",
        "area_of_study_3_alternative": ["Visual FX"],
        "email_id": "jgCS@hampshire.edu",
        "image": "https://www.hampshire.edu/sites/default/files/styles/medium_square_hq/public/faculty/files/Jen_Gutterman_headshot.jpg.webp?itok=qGzmwtiP",
        "read_more": "https://www.hampshire.edu/academics/faculty/jennifer-gutterman",
        "present": 1,
        "score": 0
      },
      {
        "first_name": "Michele",
        "last_name": "Hardesty",
        "area_of_study_1": "English",
        "area_of_study_1_alternative": ["Science fiction","comics","Political research","political writing","Queer zines","zines","feminist zines"],
        "area_of_study_2": "Comparative Literature",
        "area_of_study_2_alternative": ["Literature history"],
        "area_of_study_3": "Poetry",
        "area_of_study_3_alternative": [""],
        "email_id": "mlhaHA@hampshire.edu",
        "image": "https://www.hampshire.edu/sites/default/files/styles/medium_square_hq/public/faculty/files/IMG_0001.jpg.webp?itok=zmbfo94-",
        "read_more": "https://www.hampshire.edu/academics/faculty/michele-hardesty",
        "present": 1,
        "score": 0
      },    
      {
        "first_name": "Baba",
        "last_name": "Hillman",
        "area_of_study_1": "Film",
        "area_of_study_1_alternative": ["Videography","choreography","Documentary","Film and production"],
        "area_of_study_2": "French Literature",
        "area_of_study_2_alternative": [""],
        "area_of_study_3": "Directing",
        "area_of_study_3_alternative": ["Playwriting","screenwriting","filmmaking"],
        "email_id": "bhhCS@hampshire.edu",
        "image": "https://www.hampshire.edu/sites/default/files/styles/medium_square_hq/public/faculty_thumbnails/Grid_hillman.jpg.webp?itok=EGgUTPG0",
        "read_more": "https://www.hampshire.edu/academics/faculty/baba-hillman",
        "present": 1,
        "score": 0
      },    
      {
        "first_name": "Amy",
        "last_name": "Jordan",
        "area_of_study_1": "African American history",
        "area_of_study_1_alternative": ["Black power movements","Black studies","African American labor movements","Anti-racism","Anti-racism movements"],
        "area_of_study_2": "History",
        "area_of_study_2_alternative": ["Poverty","Justice","Activism","Racial justice","economic justice"],
        "area_of_study_3": "West African dance",
        "area_of_study_3_alternative": ["Dance","African dance"],
        "email_id": "akjSS@hampshire.edu",
        "image": "https://www.hampshire.edu/sites/default/files/styles/medium_square_hq/public/faculty_thumbnails/Grid_jordan.jpg.webp?itok=70dKzS0G",
        "read_more": "https://www.hampshire.edu/academics/faculty/amy-jordan",
        "present": 1,
        "score": 0
      },
      {
        "first_name": "Peter",
        "last_name": "Kallok",
        "area_of_study_1": "Theatre design",
        "area_of_study_1_alternative": ["Scenic designing","Directing film","light art","light art production","Film production","technical directing"],
        "area_of_study_2": "Projection design",
        "area_of_study_2_alternative": ["design driven performance","production for live performance"],
        "area_of_study_3": "Costume designing",
        "area_of_study_3_alternative": ["Theatre costume designing","filmmaking"],
        "email_id": "pkHA@hampshire.edu",
        "image": "https://www.hampshire.edu/sites/default/files/styles/medium_square_hq/public/faculty_thumbnails/Grid_kallock.jpg.webp?itok=GKRYFroG ",
        "read_more": "https://www.hampshire.edu/academics/faculty/peter-kallok",
        "present": 1,
        "score": 0
      }, 
      {
        "first_name": "Lili",
        "last_name": "Kim",
        "area_of_study_1": "History",
        "area_of_study_1_alternative": ["U.S history","History of world war 2"],
        "area_of_study_2": "Global migration",
        "area_of_study_2_alternative": ["Immigration","Imperialism","feminism","migration history","U.S. imperialism"],
        "area_of_study_3": "Korean-American history",
        "area_of_study_3_alternative": ["Korean history","Asian American studies"],
        "email_id": "lmkSS@hampshire.edu",
        "image": "https://www.hampshire.edu/sites/default/files/styles/medium_square_hq/public/2022-03/Lili-Kim_2022jpg.jpg.webp?h=fbf7a813&itok=eHuh4nwU ",
        "read_more": "https://www.hampshire.edu/academics/faculty/lili-m-kim",
        "present": 1,
        "score": 0
      },    
      {
        "first_name": "Richard",
        "last_name": "Kraft",
        "area_of_study_1": "Photography",
        "area_of_study_1_alternative": ["Drawing","street art","murals","painting","collage making","film","performance"],
        "area_of_study_2": "Literature",
        "area_of_study_2_alternative": ["Comics","Interdisciplinary literature","languages"],
        "area_of_study_3": "Writing",
        "area_of_study_3_alternative": ["Art","Artist books","writing for artists"],
        "email_id": "rjkHA@hampshire.edu",
        "image": "https://www.hampshire.edu/sites/default/files/styles/medium_square_hq/public/2023-02/Richard%20Kraft%20Photo_0.png.webp?h=06dbe66b&itok=WctbgXbj",
        "read_more": "https://www.hampshire.edu/academics/faculty/richard-kraft",
        "present": 1,
        "score": 0
      },   
      {
        "first_name": "Ethan",
        "last_name": "Ludwin-Peery",
        "area_of_study_1": "Psychology",
        "area_of_study_1_alternative": ["Moral psychology","Emotions"],
        "area_of_study_2": "Cognitive science",
        "area_of_study_2_alternative": ["History of science"],
        "area_of_study_3": "Experimental psychology",
        "area_of_study_3_alternative": ["Psychological research","psychology statistics","revolutionary psychology"],
        "email_id": "ejlCS@hampshire.edu",
        "image": "https://www.hampshire.edu/sites/default/files/styles/medium_square_hq/public/2022-08/Ethan%20Ludwin-Peery.jpg.webp?h=3dbd9eac&itok=yJ3NHRKP",
        "read_more": "https://www.hampshire.edu/academics/faculty/ethan-ludwin-peery",
        "present": 1,
        "score": 0
      },    
      {
        "first_name": "Nathan",
        "last_name": "McClain",
        "area_of_study_1": "Creative writing",
        "area_of_study_1_alternative": ["Psychoanalytic poetry"],
        "area_of_study_2": "African American literary arts",
        "area_of_study_2_alternative": ["African American literature","African literature"],
        "area_of_study_3": "Poetry",
        "area_of_study_3_alternative": ["Graphic novels","non-fiction","Comics","comic books","African American poetry"],
        "email_id": "nmIA@hampshire.edu",
        "image": "https://www.hampshire.edu/sites/default/files/styles/medium_square_hq/public/faculty/files/nathan-mcclain.jpg.webp?itok=9Zdz_nrh",
        "read_more": "https://www.hampshire.edu/academics/faculty/nathan-mcclain",
        "present": 1,
        "score": 0
      },    
      {
        "first_name": "Rebecca(Becky)",
        "last_name": "Miller",
        "area_of_study_1": "Music",
        "area_of_study_1_alternative": ["Music writing","Music journalism","Music theory"],
        "area_of_study_2": "Ethnomusicology",
        "area_of_study_2_alternative": ["African American literature","African literature"],
        "area_of_study_3": "Podcasting",
        "area_of_study_3_alternative": ["Radio","Media studies","Sound editing","comic books","African American poetry"],
        "email_id": "rsmMB@hampshire.edu",
        "image": "https://www.hampshire.edu/sites/default/files/styles/medium_square_hq/public/faculty_thumbnails/Grid_millerjpg.jpg.webp?itok=hrPWUalu",
        "read_more": "https://www.hampshire.edu/academics/faculty/rebecca-miller",
        "present": 1,
        "score": 0
      },    
      {
        "first_name": "Rayane",
        "last_name": "Moreira",
        "area_of_study_1": "Chemistry",
        "area_of_study_1_alternative": ["Organic chemistry","Chemistry 1"],
        "area_of_study_2": "Organic chemistry",
        "area_of_study_2_alternative": ["Organic chemistry 2"],
        "area_of_study_3": "Chemical ecology",
        "area_of_study_3_alternative": ["Organic molecules"],
        "email_id": "rfmNS@hampshire.edu",
        "image": "https://www.hampshire.edu/sites/default/files/styles/medium_square_hq/public/faculty_thumbnails/Grid_moreira.jpg.webp?itok=KW3N60wS",
        "read_more": "https://www.hampshire.edu/academics/faculty/rayane-moreira",
        "present": 1,
        "score": 0
      }, 
      {
        "first_name": "Junko",
        "last_name": "Oba",
        "area_of_study_1": "Music",
        "area_of_study_1_alternative": ["sound recording archiving","Music instruments building","organology","singing","polyphonic music making"],
        "area_of_study_2": "Asian studies",
        "area_of_study_2_alternative": ["Japanese music","Identity politics Asian diasporas","Asian identity politics"],
        "area_of_study_3": "Music studies",
        "area_of_study_3_alternative": ["Music theory","ethnomusicology","piano","ensemble","music theory","music composition"],
        "email_id": "joHA@hampshire.edu",
        "image": "https://www.hampshire.edu/sites/default/files/styles/medium_square_hq/public/faculty_thumbnails/Grid_oba.jpg.webp?itok=Ku_q3iV2  ",
        "read_more": "https://www.hampshire.edu/academics/faculty/junko-oba",
        "present": 1,
        "score": 0
      },  
      {
        "first_name": "Emily",
        "last_name": "Packer",
        "area_of_study_1": "Film-making",
        "area_of_study_1_alternative": ["Editing","Film"],
        "area_of_study_2": "Digital editing",
        "area_of_study_2_alternative": ["Digital media","Video","Post production"],
        "area_of_study_3": "Production",
        "area_of_study_3_alternative": ["Media management"],
        "email_id": "erpHA@hampshire.edu",
        "image": "https://www.hampshire.edu/sites/default/files/styles/medium_square_hq/public/2023-02/2023%20headshot%20packer.jpg.webp?h=c11c2ff4&itok=zMeZ4Jqh",
        "read_more": "https://www.hampshire.edu/academics/faculty/emily-packer",
        "present": 1,
        "score": 0
      },  
      {
        "first_name": "Sarah",
        "last_name": "Partan",
        "area_of_study_1": "Animal behavior",
        "area_of_study_1_alternative": ["Animal social behavior","Wildlife conservation","Animal conservation","Animal communication","Environmental change","environmentalism"],
        "area_of_study_2": "Biopsychology",
        "area_of_study_2_alternative": ["Urban Wildlife behavior"],
        "area_of_study_3": "Natural history",
        "area_of_study_3_alternative": ["Biodiversity"],
        "email_id": "srpCS@hampshire.edu",
        "image": "https://www.hampshire.edu/sites/default/files/styles/medium_square_hq/public/faculty_thumbnails/Grid_partan.jpg.webp?itok=18kgI52I",
        "read_more": "https://www.hampshire.edu/academics/faculty/sarah-partan",
        "present": 1,
        "score": 0
      },  
      {
        "first_name": "Abraham",
        "last_name": "Ravett",
        "area_of_study_1": "Film-making",
        "area_of_study_1_alternative": ["Non fiction film","Film"],
        "area_of_study_2": "Photography",
        "area_of_study_2_alternative": ["Digital media","Video","Animation","optical printing"],
        "area_of_study_3": "Production",
        "area_of_study_3_alternative": ["Documentary production","editing"],
        "email_id": "arPF@hampshire.edu",
        "image": "https://www.hampshire.edu/sites/default/files/styles/medium_square_hq/public/faculty_thumbnails/Grid_ravett.jpg.webp?itok=wwchDg1o",
        "read_more": "https://www.hampshire.edu/academics/faculty/abraham-ravett",
        "present": 1,
        "score": 0
      },  
      {
        "first_name": "Steve",
        "last_name": "Roof",
        "area_of_study_1": "Environmental science",
        "area_of_study_1_alternative": ["Earth","environmental chemistry","earth science","environmental policy"],
        "area_of_study_2": "Climate change",
        "area_of_study_2_alternative": ["land conservation","pollution","resource conservation","renewable energy","sustainability","energy"],
        "area_of_study_3": "Geology",
        "area_of_study_3_alternative": ["Geographic information systems"],
        "email_id": "srNS@hampshire.edu",
        "image": "https://www.hampshire.edu/sites/default/files/styles/medium_square_hq/public/faculty_thumbnails/Grid_roof.jpg.webp?itok=M_r-jr2G",
        "read_more": "https://www.hampshire.edu/academics/faculty/steven-roof",
        "present": 1,
        "score": 0
      }      
    ]
}
 